input,expected_output,difficulty,type,persona_context,source_doc
"Mẹ con thường xuyên quên ăn trưa, con không biết phải làm sao để mẹ nhớ được. iSupport có chỉ dẫn nào về việc này không?","Nghe bạn kể vậy chắc bạn lo lắng cho sức khỏe của mẹ lắm. Mình không thể trả lời câu hỏi của bạn, vì hiện tại không có thông tin cụ thể về cách xử lý khi người bệnh sa sút trí tuệ quên ăn trưa. iSupport có thể có hướng dẫn liên quan trong phần chăm sóc hàng ngày, nhưng mình cần thêm thông tin chi tiết từ tài liệu để chắc chắn. Nếu được, bạn có thể thử tạo thói quen giờ giấc để mẹ dễ nhớ hơn và nhờ thêm người hỗ trợ nếu cần nhé.",3,missing,Con gái quan tâm - Lo lắng nhưng kiên nhẫn,-đã nạp WHO iSupport.pdf
"Mình đang cố gắng giao tiếp với chồng mình nhưng anh ấy thường dùng từ quen thuộc nhiều lần, đôi khi mình không hiểu anh ấy muốn nói gì. Mình nên làm gì bây giờ?","Mình hiểu tình huống này dễ làm bạn bối rối. Bạn thử mấy cách sau nhé:
- Duy trì giao tiếp bằng mắt và cho thấy bạn đang lắng nghe.
- Khuyến khích anh ấy tiếp tục bày tỏ suy nghĩ, cả khi gặp khó khăn.
- Sử dụng giọng điệu nhẹ nhàng, thoải mái và nét mặt tích cực, thân thiện.
- Sử dụng các từ ngắn gọn, đơn giản và quen thuộc.
- Tránh chỉ trích, sửa chữa và tranh luận.
Nguồn: Vietnam Alzheimer CareGiver 's Guidebook. VnADA.30.4. 2020.pdf – Giao tiếp",1,missing,Người bạn đời tận tụy - Kiệt sức nhưng kiên nhẫn,Vietnam Alzheimer CareGiver 's Guidebook. VnADA.30.4. 2020.pdf
"Chào bạn, mình là hàng xóm của gia đình bên cạnh. Mình biết mẹ của họ đang gặp tình trạng sa sút trí tuệ và mình thường ghé qua giúp đỡ. Mình muốn biết thêm về cách xử trí khi bà cụ bị kích động hoặc lo lắng quá mức. Có cách nào để bình tĩnh lại không? Mình rất muốn giúp họ một cách tốt nhất.","Mình rất cảm kích sự quan tâm và giúp đỡ của bạn dành cho gia đình hàng xóm. Đối với người bị sa sút trí tuệ khi họ bị kích động hoặc lo lắng, mình có thể thử một vài cách nhé:

- Đảm bảo môi trường xung quanh yên tĩnh và an toàn, giảm thiểu âm thanh lớn hoặc ánh sáng chói.
- Nói chuyện nhẹ nhàng, dùng giọng điệu êm dịu để trấn an. Có thể nói: “Không sao đâu, mình ở đây với bà. Mọi thứ sẽ ổn thôi.”
- Sử dụng các hoạt động nhẹ nhàng như nghe nhạc êm dịu hoặc xem những hình ảnh quen thuộc để giúp bà thư giãn.
- Nếu bà cụ có sở thích nào đó, như đan len hoặc tưới cây, khuyến khích bà tham gia để chuyển hướng sự chú ý.

Nếu bà cụ thường xuyên bị kích động hoặc lo lắng quá mức, mình nghĩ gia đình nên tham khảo ý kiến bác sĩ để xem xét các biện pháp hỗ trợ khác.

Nguồn: Dementia_Care_Tips.pdf – Managing Agitation and Anxiety",4,full,Người bạn hàng xóm - Chu đáo,ChatGPT_Transforming_Healthcare_with_AI.pdf
"Mình đã nghỉ việc để chăm sóc chồng, nhưng đôi khi cảm thấy như mình chưa làm đủ. Có phải vì mình nghĩ vậy mà làm mình cảm thấy kém cỏi và buồn bã không?","Nghe bạn kể vậy, mình đoán bạn đang cảm thấy khá căng thẳng. Cảm giác như chưa làm đủ có thể khiến mình thấy buồn và kém cỏi. Nhưng nếu mình nghĩ rằng việc nghỉ việc để chăm sóc chồng cho thấy sự quan tâm và tình yêu, có thể cảm giác này sẽ giúp mình thấy được ủng hộ hơn. Bạn có thể thử viết ra những điều mình đã làm tốt mỗi ngày để thấy rõ những gì mình đã đóng góp. Nếu cảm thấy quá nặng nề, mình có thể thử tìm kiếm sự giúp đỡ từ bạn bè hoặc gia đình để chia sẻ công việc chăm sóc. Khi nào cảm thấy quá tải hoặc có dấu hiệu căng thẳng nghiêm trọng, hãy tìm đến bác sĩ hoặc chuyên gia tâm lý để được hỗ trợ.",3,missing,Người bạn đời tận tụy - Kiệt sức nhưng kiên nhẫn,-đã nạp WHO iSupport.pdf
"Ông cháu gần đây hay tiểu không tự chủ, cháu cần làm gì để giúp ông? Mà cháu không thấy thông tin về cách nào cụ thể để giúp ông đi vệ sinh dễ hơn.","Nghe bạn chia sẻ vậy chắc bạn đang lo lắng cho ông lắm. Mình thử làm vài việc đơn giản để giúp ông nhé: 
- Đặt hình ảnh nhà vệ sinh lên cửa phòng tắm để ông dễ nhận biết.
- Sử dụng màu sắc tương phản cho nắp bồn cầu để ông dễ nhìn thấy.
- Thay quần của ông bằng loại không cần thắt lưng để tiện lợi hơn.
Nếu bạn cần thêm thông tin cụ thể hơn, mình chưa thể cung cấp được lúc này. Bạn có thể thử các cách trên trước nhé.
Nguồn: WHO iSupport.pdf - ANSWERS - PROVIDING EVERYDAY CARE Lesson 3.",1,missing,Cháu nội/ngoại tận tâm - Lo lắng nhưng kiên nhẫn,-đã nạp WHO iSupport.pdf
"Mẹ mình thường xuyên quên và hay lo lắng, điều này khiến mình rất căng thẳng. Mình có thể làm gì để giảm stress và vẫn chăm sóc mẹ tốt?","Nghe bạn kể vậy chắc bạn đang rất lo lắng và mệt mỏi. Mình có thể thử một số cách để giảm căng thẳng ngay tại chỗ nhé:
- Thử thở cơ bản bằng cách hít sâu vào bằng mũi và thở ra từ từ qua miệng.
- Thực hành thở tỉnh thức, tập trung vào từng hơi thở để tâm trí thư giãn.
- Dành vài phút để giãn cơ cổ bằng cách xoay đầu nhẹ nhàng.
- Nếu có thời gian, tập giãn cơ toàn thân giúp cơ thể thả lỏng.
- Tập trung vào hình ảnh thư giãn như cảnh biển hay khu rừng yên bình.

Khi có dấu hiệu kiệt sức, bạn nên tìm đến bác sĩ để được hỗ trợ thêm nhé.
Nguồn: WHO iSupport.pdf – Module 3, Lesson 1",4,full,Người con gái tận tụy - Lo lắng nhưng quyết tâm,-đã nạp WHO iSupport.pdf
"Bạn ơi, dạo gần đây mình thấy ChatGPT hỗ trợ tốt trong việc gì nhỉ? Mình đang cố gắng tìm cách giúp cha mình quản lý sức khỏe tốt hơn.","Mình hiểu bạn rất quan tâm đến việc chăm sóc sức khỏe của cha. Để mình hỏi thêm nhé: bạn muốn biết ChatGPT hỗ trợ trong việc quản lý sức khỏe hàng ngày, nhắc nhở khám bệnh hay dùng thuốc không? Hay bạn quan tâm đến việc hỗ trợ hành chính như lên lịch hẹn, nhắc nhở, và các thủ tục khác?",3,missing,Người bạn đồng hành tâm tình - Kiệt sức nhưng vẫn kiên nhẫn,ChatGPT_Transforming_Healthcare_with_AI.pdf
"Bác ơi, dạo này bà nội con hay cáu gắt với con, con không biết làm sao để bà bớt giận hơn. Có cách nào giúp bà thoải mái hơn không?","Mình hiểu tình huống này dễ làm bạn căng thẳng. Mình có vài gợi ý bạn thử áp dụng nhé:
- Thử mở nhạc nhẹ nhàng mà bà thích, điều này có thể giúp giảm căng thẳng và làm bà cảm thấy thoải mái hơn. 
- Khi bà cáu gắt, bạn có thể đi ra ngoài một lúc, hít thở sâu để bình tĩnh lại rồi quay lại nói chuyện với bà sau.
- Luôn giữ gìn sự tôn trọng và riêng tư cho bà, như là giữ cho bà được mặc áo choàng hay khăn tắm khi cần.
Khi nào thấy bà có dấu hiệu thay đổi hành vi quá mức hoặc nguy hiểm, bạn nên liên hệ bác sĩ để được hỗ trợ kịp thời.
Nguồn: WHO iSupport.pdf – Module 5",2,full,Cháu gái - Lo lắng,-đã nạp WHO iSupport.pdf
"Mình mệt mỏi lắm, nhưng vẫn cố gắng hàng ngày chăm sóc chồng. Có hôm, anh ấy gặp người lạ mà cứ tưởng là anh trai đã mất từ lâu, rồi chạy theo gọi tên. Mình không biết phải làm sao trong những lúc như vậy.","Nghe bạn kể mình hiểu rằng tình huống này rất dễ làm mình căng thẳng. Có vài cách mình có thể thử khi chồng mình nhầm lẫn người lạ là người quen:
- Nói chuyện nhẹ nhàng, trấn an anh ấy bằng giọng nói êm dịu.
- Dẫn anh ấy đi khỏi người lạ để tránh tình huống căng thẳng thêm.
- Có thể nói rằng người lạ trông giống người quen, nhưng không phải là họ.
- Đừng cố tranh luận hay cố thuyết phục anh ấy về thực tế ngay lúc đó.
Nếu cần thiết, khi nào tình trạng này xảy ra thường xuyên hơn hoặc có dấu hiệu nguy hiểm, bạn nên tham khảo ý kiến bác sĩ để có cách xử lý phù hợp hơn.
Nguồn: iSupport Intervention Manual – Lesson 6. Delusions and hallucinations",3,full,Người vợ tận tụy - Mệt mỏi nhưng kiên trì,-đã nạp WHO iSupport.pdf
"Bố mình dạo này hay hỏi đi hỏi lại những câu hỏi giống nhau, dù mình đã trả lời rồi. Như là 'Khi nào ăn trưa?' và 'Mẹ đâu rồi?'. Điều này khiến mình lo lắng và khó xử. Mình nên làm gì trong tình huống này?","Nghe bạn kể vậy chắc bạn đang rất lo lắng và mệt mỏi. Mình thử vài cách sau để xem có cải thiện không nhé:
- Giữ bình tĩnh và trấn an bố rằng mẹ sẽ về sớm.
- Thử thu hút bố bằng một hoạt động nào đó.
- Viết ra những câu trả lời cho các câu hỏi thường xuyên, ví dụ như mẹ đang ở đâu và khi nào sẽ về.
- Chấp nhận việc hỏi lặp lại nếu nó không gây hại, và tìm cách thích nghi.
- Có thể mời bố ăn nhẹ hoặc uống nước để chuyển hướng chú ý.

Nếu cảm thấy tình trạng này kéo dài và ảnh hưởng đến cuộc sống của cả hai, bạn nên liên hệ bác sĩ để được tư vấn thêm.

Nguồn: WHO iSupport – Lesson 7. Repetitive behaviour",5,full,Con trai chăm sóc - Lo lắng nhưng kiên nhẫn,-đã nạp WHO iSupport.pdf
"Mình đang chăm sóc một bệnh nhân sa sút trí tuệ 70 tuổi. Hôm qua, trong lúc ăn trưa với các bệnh nhân khác, ông ấy đã làm đổ nước lên bàn và không nhận ra. Mọi người xung quanh có vẻ không vui và mình cảm thấy khá bối rối. Làm sao để mình có thể thay đổi cách nhìn nhận để không cảm thấy áp lực trong những tình huống như vậy?","Nghe bạn kể vậy chắc bạn đang rất mệt. Mình thử vài bước sau để giúp bạn thay đổi cách nhìn nhận tình huống nhé:
- Thứ nhất, hãy nhớ rằng bệnh nhân sa sút trí tuệ không thể kiểm soát hành động của mình như trước.
- Thứ hai, cố gắng nhắc nhở bản thân rằng môi trường xung quanh cũng cần hiểu và thông cảm cho bệnh nhân.
- Thứ ba, thay vì cảm thấy bối rối, bạn có thể tập trung vào việc giải quyết tình huống và giúp bệnh nhân một cách bình tĩnh.
- Một câu nói mẫu bạn có thể dùng là: ""Ồ, không sao đâu, để mình giúp dọn dẹp nhé.""
Nếu tình huống này lặp lại và gây ra căng thẳng lớn, bạn có thể trao đổi với đồng nghiệp hoặc quản lý để tìm giải pháp hỗ trợ thêm.
Nguồn: iSupport – Lesson 3: Thinking differently",1,full,Người chăm sóc bệnh nhân sa sút trí tuệ thuê - Kiệt sức nhưng quyết tâm,-đã nạp WHO iSupport.pdf
Mình đã nghỉ việc để chăm sóc cha mình 75 tuổi mắc bệnh sa sút trí tuệ. Mình cảm thấy rất kiệt sức nhưng vẫn muốn tìm cách mang lại niềm vui cho ông. Bạn có gợi ý nào giúp mình không?,"Nghe bạn nói vậy, mình hiểu bạn đang rất mệt mỏi nhưng vẫn đầy tình thương dành cho cha mình. Dưới đây là một vài gợi ý bạn có thể thử:
- Tạo một góc nhỏ yêu thích cho cha, nơi ông có thể ngồi và ngắm xem những thứ ông thích như ảnh gia đình hay cây cảnh.
- Tìm hiểu xem ông có sở thích hay hoạt động nào mà trước đây ông từng thích, như nghe nhạc hay xem phim, và cùng ông làm.
- Thường xuyên trò chuyện với ông, kể về những kỷ niệm vui vẻ hoặc những câu chuyện đơn giản trong ngày.
- Khuyến khích ông tham gia các hoạt động đơn giản như vẽ tranh màu, chơi cờ hay xếp hình, để kích thích trí não và mang lại niềm vui.
- Quan trọng là bạn cũng cần dành thời gian cho bản thân, nghỉ ngơi và thư giãn để có thể chăm sóc cha tốt hơn.
Nếu bạn thấy cha có dấu hiệu căng thẳng hoặc thay đổi đột ngột về hành vi, hãy tìm sự hỗ trợ từ bác sĩ chuyên khoa.
Nguồn: ChatGPT_Transforming_Healthcare_with_AI.pdf – RO2, RO3",3,full,Người bạn đồng hành tận tụy - Kiệt sức nhưng vẫn đầy yêu thương,ChatGPT_Transforming_Healthcare_with_AI.pdf
Con cảm thấy kiệt sức vì phải vừa đi làm vừa chăm sóc bố mắc chứng sa sút trí tuệ. Có cách nào giúp con giảm bớt căng thẳng không?,"Nghe bạn kể vậy chắc bạn đang rất mệt. Dưới đây là một số gợi ý bạn có thể thử để giảm bớt căng thẳng:
- Mỗi ngày, dành một khoảng thời gian nhỏ để tập thở sâu hoặc thiền, giúp tâm trí thoải mái hơn.
- Lập kế hoạch công việc và chăm sóc thật chi tiết để tránh cảm giác bị quá tải.
- Nhờ sự hỗ trợ từ gia đình hoặc bạn bè để chia sẻ bớt trách nhiệm chăm sóc.
- Tìm kiếm các nhóm hỗ trợ người chăm sóc để có thêm lời khuyên và sự đồng cảm từ những người có cùng hoàn cảnh.
- Khi cảm thấy quá tải, hãy mạnh dạn tìm đến các dịch vụ hỗ trợ chuyên nghiệp nếu cần.
Nguồn: Vietnam Alzheimer CareGiver 's Guidebook. VnADA.30.4. 2020.pdf – Một số trang điện tử tham khảo lời cảm ơn",1,full,Con gái quan tâm - Kiệt sức nhưng kiên nhẫn,Vietnam Alzheimer CareGiver 's Guidebook. VnADA.30.4. 2020.pdf
"Bố tôi dạo này hay quên nhiều hơn, có lúc ông hỏi đi hỏi lại những câu giống nhau. Tôi nên làm gì để giúp ông bớt căng thẳng?","Nghe bạn kể vậy chắc bạn đang rất lo lắng về tình trạng của bố. Mình có một số gợi ý để bạn thử nhé: 
- Trước hết, bạn nên chú ý xem trước khi bố bạn hỏi đi hỏi lại, có điều gì đặc biệt xảy ra không. Điều này có thể giúp bạn hiểu nguyên nhân và ngăn ngừa tình huống tương tự.
- Thay vì nhắc nhở bố về những điều ông quên, bạn có thể chuyển hướng câu chuyện sang chủ đề khác mà ông thích hoặc nhắc lại một kỷ niệm vui.
- Giữ giọng nói nhẹ nhàng và kiên nhẫn khi trò chuyện với ông. 
- Bạn có thể nói: “Bố, con thấy hình như hôm nay trời đẹp, bố có muốn ra ngoài đi dạo một chút không?” 
Nếu tình trạng này kéo dài hoặc trở nặng, bạn nên đưa bố đến bác sĩ để kiểm tra thêm nhé.
Nguồn: WHO iSupport.pdf – MODULE 5",4,missing,Bác sĩ trẻ - Lo lắng và nhẹ nhàng,-đã nạp WHO iSupport.pdf
"Mình đang cố gắng giúp vợ tắm nhưng cô ấy thường la hét và chống cự, mình nên làm gì để giúp cô ấy cảm thấy thoải mái hơn?","Nghe bạn kể vậy chắc bạn đang rất mệt. Mình thử làm vài việc nhỏ hôm nay nhé: 
- Đảm bảo nhiệt độ phòng ấm áp và có khăn tắm gần đó để cô ấy thấy dễ chịu hơn.
- Thử làm cho cô ấy cảm thấy có kiểm soát bằng cách cho phép cô ấy tham gia và hướng dẫn quá trình tắm từng bước một.
- Đặt chất chống trượt trên sàn và kiểm tra nhiệt độ nước trước khi tắm để tránh bị thương.
- Nếu cô ấy có thể tự ý thức về sự trần trụi, hãy cho phép cô ấy giữ một chiếc khăn trước cơ thể để giảm lo lắng.
Mình có thể hỏi thêm: cô ấy thích tắm vào thời gian nào trong ngày nhất?
Nguồn: Vietnam Alzheimer CareGiver 's Guidebook. VnADA.30.4. 2020.pdf – Vệ sinh và chăm sóc cá nhân",3,missing,Người bạn đời tận tụy - Kiệt sức nhưng đầy yêu thương,Vietnam Alzheimer CareGiver 's Guidebook. VnADA.30.4. 2020.pdf
Mình rất lo lắng vì mẹ mình thường trở nên bồn chồn và khó chịu vào chiều tối. Mình đã thử giữ cho mẹ một thói quen hàng ngày nhưng không phải lúc nào cũng được. Mình có thể làm gì để giúp mẹ trong khoảng thời gian này?,"Mình hiểu tình huống này dễ làm bạn căng thẳng. Mình có vài gợi ý bạn có thể thử: 
- Bạn có thể nhờ một người thân hoặc hàng xóm giúp đỡ đưa mẹ đi đến trung tâm cộng đồng nếu mẹ cảm thấy thoải mái khi ra ngoài vào những giờ này.
- Thử để mẹ tham gia các hoạt động nhẹ nhàng như nghe nhạc hoặc xem tivi vào buổi chiều tối.
- Tìm cách tạo ra một hoạt động có ý nghĩa mà mẹ yêu thích để giúp giảm bớt cảm giác bồn chồn. 
Bạn có thể thử nói: ""Mẹ ơi, mình cùng nghe nhạc hay xem một chương trình yêu thích nhé."" 
Nếu mẹ vẫn cảm thấy bồn chồn hay có bất kỳ biểu hiện bất thường nào, mình khuyên bạn nên liên hệ với bác sĩ để được tư vấn. 
Nguồn: -đã nạp WHO iSupport.pdf",4,full,Con trai tận tụy - Lo lắng nhưng quyết tâm,-đã nạp WHO iSupport.pdf
"Chào bạn, mình đang chăm sóc một cụ ông bị sa sút trí tuệ và mình chưa biết phải làm gì khi ông hay quên ăn. Có cách nào giúp ông nhớ giờ ăn không?","Nghe bạn kể vậy chắc bạn đang lo lắng cho sức khỏe của cụ ông. Mình thử vài cách nhé: 
- Dùng bảng nhắc nhở dán ở nơi dễ thấy để ghi giờ ăn.
- Tạo thói quen nhắc ông ăn cùng giờ mỗi ngày.
- Dùng đồng hồ báo thức để nhắc nhở.
- Nếu ông thích nghe nhạc, có thể chọn bài hát cố định để phát vào giờ ăn.
Nếu ông tiếp tục quên ăn, bạn có thể cần thảo luận thêm với bác sĩ để tìm giải pháp phù hợp hơn.
Nguồn: ChatGPT_Transforming_Healthcare_with_AI.pdf – 5.10. Pituitary",2,full,Người chăm sóc thuê - Nhẹ nhàng,ChatGPT_Transforming_Healthcare_with_AI.pdf
"Bà cháu thường không nhớ cách sử dụng nhà vệ sinh, cháu nên làm gì bây giờ?","Nghe bạn kể vậy chắc bạn đang rất mệt khi phải lo cho bà. Để giúp bà nhớ cách sử dụng nhà vệ sinh, mình có thể thử làm một số việc sau nhé:
- Hãy nhắc bà đi vệ sinh vào những thời điểm nhất định trong ngày để tạo thói quen.
- Có thể đặt một bô cạnh giường vào ban đêm để tiện cho bà sử dụng.
- Nhắc bà từng bước một về những việc cần làm khi vào nhà vệ sinh.
- Nếu có thể, giúp bà mặc quần dễ tháo mở để bà không gặp khó khăn.
- Khi cần, hãy giúp bà kéo lên và cài quần lại.
Bạn có thể thử xem cách nào phù hợp nhất với bà nhé.
Nguồn: WHO iSupport.pdf – Lesson 3. Toileting and continence care",2,missing,Cháu ngoại - Kiệt sức,-đã nạp WHO iSupport.pdf
Tôi đang lo lắng về việc bà nội uống nước. Tôi không chắc lượng nước bà cần uống mỗi ngày là bao nhiêu. Bạn có thể giúp tôi không?,"Nghe bạn kể vậy chắc bạn đang lo lắng cho sức khỏe của bà nội. Để giúp bà uống đủ nước, mình cần biết bà có bất kỳ bệnh nào liên quan đến tim mạch không? Nếu có, mình cần tuân theo chỉ định của bác sĩ về lượng nước bà có thể uống mỗi ngày. Nếu không, mình có thể tham khảo thời gian biểu cho ăn uống để nhắc bà uống nước. Bạn có thể cho mình biết thêm thông tin được không?",3,missing,Bác sĩ nội trú trẻ - Lo lắng nhưng quyết tâm,-đã nạp WHO iSupport.pdf
"Bố mình thường quên những việc đơn giản hàng ngày, và mình không biết làm sao để giúp ông ấy nhớ lại. Mình cảm thấy bất lực. Có cách nào giúp ông ấy không?","Mình hiểu tình huống này dễ làm bạn căng thẳng. Mình có một số gợi ý bạn có thể thử để hỗ trợ bố: 
- Bạn có thể thử hỏi bố về những hoạt động ông ấy thường làm vào các ngày cụ thể, ví dụ: Thứ Hai là ngày đi giặt đồ, Thứ Năm là ngày đi chợ. 
- Hãy cùng bố lập một danh sách các việc cần làm cho mỗi ngày, và viết ra để dễ nhớ hơn. 
- Bạn cũng có thể thử nhắc nhở bố qua điện thoại, và cùng nhau nói về kế hoạch ngày hôm đó.
- Nếu có thể, hãy dành thời gian cuối tuần để lên kế hoạch cho cả tuần và viết ra danh sách việc cần làm.
- Nếu tình trạng này làm bạn lo lắng nhiều, hãy tìm kiếm sự hỗ trợ từ bác sĩ hoặc chuyên gia.
Nguồn: WHO iSupport.pdf – Memory loss",5,missing,Con trai - Lo lắng,-đã nạp WHO iSupport.pdf
"Ông cụ mà mình chăm sóc thường quên uống nước, mình lo ông bị mất nước. Bạn có cách nào để giúp ông nhớ uống nước không?","Nghe bạn chia sẻ vậy, chắc bạn đang lo lắng cho sức khỏe của ông cụ. Mình thử vài cách sau nhé:
- Nhắc ông uống nước đều đặn mỗi giờ bằng cách đặt chuông báo.
- Để nước ở những vị trí dễ thấy và gần chỗ ông thường ngồi.
- Ghi lại lượng nước ông uống mỗi ngày để tiện theo dõi.
- Nếu cần, bạn có thể nhờ sự hỗ trợ từ bác sĩ hoặc chuyên gia sức khỏe.
Nguồn: iSupport – Lesson 1. Eating and drinking - more pleasant mealtimes",1,full,"Người chăm sóc bệnh nhân sa sút trí tuệ thuê - Kiên nhẫn, nhẹ nhàng",-đã nạp WHO iSupport.pdf
"Mẹ con dạo này ngủ không ngon, hay thức dậy giữa đêm. Con nên làm gì để giúp mẹ ngủ ngon hơn?","Nghe bạn kể vậy chắc bạn đang rất lo lắng cho giấc ngủ của mẹ. Để mình giúp bạn tìm cách giải quyết nhé. Mình cần biết thêm vài chi tiết trước: mẹ thường thức dậy vào khoảng mấy giờ? Mẹ có biểu hiện gì khác khi thức dậy không (ví dụ như lo lắng, bồn chồn)? Những thông tin này sẽ giúp mình đưa ra gợi ý cụ thể hơn cho bạn.",5,missing,Con gái chăm sóc - Lo lắng nhưng kiên nhẫn,-đã nạp WHO iSupport.pdf
"Chồng mình gần đây gặp khó khăn trong việc tắm rửa và thay đồ, mình không biết nên bắt đầu hỗ trợ từ đâu?","Nghe bạn kể vậy chắc bạn đang rất lo lắng và mệt mỏi. Để giúp chồng mình trong việc tắm rửa và thay đồ, mình có thể thử các bước sau:
- Đầu tiên, hãy chọn những hoạt động cá nhân mà chồng bạn cần hỗ trợ, ví dụ như tắm rửa hoặc mặc quần áo ban ngày.
- Hướng dẫn từng bước cho mỗi hoạt động. Ví dụ, khi tắm rửa, mình có thể giúp điều chỉnh nhiệt độ nước và đặt thảm chống trượt trên sàn.
- Đối với việc mặc đồ, mình có thể chọn quần áo phù hợp ban ngày và hỗ trợ mặc quần áo sau khi tắm.

Nếu bạn thấy tình trạng của chồng có dấu hiệu nghiêm trọng hơn, bạn nên liên hệ bác sĩ để được tư vấn thêm.

Nguồn: WHO iSupport.pdf – Module 4, Lesson 4. Personal care",3,missing,Người bạn đời tận tụy - Lo lắng và kiệt sức,-đã nạp WHO iSupport.pdf
"Chào trợ lý, tôi đang giúp gia đình gần nhà chăm sóc một người mắc chứng sa sút trí tuệ. Tôi không chắc mình nên phản ứng thế nào khi người đó quên ai đã ghé thăm hôm qua hoặc đã ăn gì. Bạn có thể gợi ý cho tôi cách xử lý không?","Mình hiểu tình huống này có thể khiến bạn bối rối và khó xử. Có một số cách có thể thử:
- Hãy nhớ rằng người mắc chứng sa sút trí tuệ không quên lãng một cách cố ý. Bạn có thể tự nhắc nhở điều này để giảm căng thẳng cho bản thân.
- Thay vì thể hiện sự khó chịu, mình thử hít thở sâu để giữ bình tĩnh.
- Bạn có thể cùng người đó ghi lại các sự kiện gia đình quan trọng vào một cuốn nhật ký. Điều này sẽ giúp họ ghi nhớ dễ dàng hơn.
- Cố gắng tránh hỏi những câu có thể gây ra sự khó chịu cho cả hai bên.
Nguồn: iSupport Intervention Manual 171 - MODULE 5",2,missing,Người hàng xóm đồng cảm - Trang trọng nhưng thân thiện,-đã nạp WHO iSupport.pdf
"Bà mình gần đây không còn hứng thú với các hoạt động hằng ngày, chỉ ngồi nhìn ra cửa sổ. Mình lo lắng không biết phải làm sao để giúp bà. Bạn có thể chỉ mình cách nào đó giúp bà thích thú trở lại không?","Mình hiểu tình huống này dễ làm mình cảm thấy lo lắng. Để giúp bà bạn cảm thấy thích thú trở lại, mình có vài gợi ý như sau:
- Thỉnh thoảng, rủ bà làm những việc mà bà từng thích, như đi dạo hoặc nấu ăn cùng.
- Tìm hiểu xem bà từng yêu thích điều gì và thử tái hiện lại. Ví dụ, nếu bà thích đọc báo, bạn có thể đọc báo cho bà nghe.
- Đôi khi, việc làm quen với những hoạt động nhẹ nhàng như nghe nhạc hoặc xem album ảnh cũ có thể giúp cải thiện tâm trạng.
- Luôn lắng nghe và chú ý đến phản ứng của bà để điều chỉnh hoạt động phù hợp.
Nếu bà vẫn không có dấu hiệu cải thiện hoặc có thêm những biểu hiện lo lắng khác, mình khuyên nên liên hệ bác sĩ để được tư vấn thêm.
Nguồn: WHO iSupport.pdf – Lesson 4. Depression, anxiety and apathy",5,missing,Cháu gái tận tụy - Lo lắng nhưng kiên nhẫn,-đã nạp WHO iSupport.pdf
"Mình lo lắng lắm, gần đây chồng mình có nhiều biểu hiện quên trước quên sau. Mình muốn biết liệu có cách nào giúp chồng mình giảm bớt triệu chứng này không?","Mình hiểu tình huống này dễ làm bạn lo lắng. Mình có vài gợi ý bạn có thể thử ngay hôm nay để hỗ trợ chồng: 
- Đảm bảo chồng có một lịch trình sinh hoạt nhất quán hàng ngày, giúp duy trì sự ổn định và giảm bớt sự bối rối. 
- Tạo ra một môi trường an toàn và quen thuộc bằng cách giữ cho nhà cửa gọn gàng, tránh các vật dụng dễ gây nhầm lẫn. 
- Khuyến khích chồng tham gia các hoạt động kích thích trí não như đọc sách, chơi trò chơi trí tuệ hoặc tham gia câu lạc bộ sách. 
- Hãy nói chuyện với chồng bằng những câu ngắn gọn, rõ ràng, và kiên nhẫn lắng nghe khi anh ấy cần thời gian để trả lời. 
Khi nào cần gọi bác sĩ: Nếu chồng có dấu hiệu mất trí nhớ nghiêm trọng hơn hoặc có bất kỳ thay đổi hành vi nào ảnh hưởng đến cuộc sống hàng ngày. 
Nguồn: ChatGPT_Transforming_Healthcare_with_AI.pdf",2,full,Người bạn đời tận tụy - Lo âu và kiên nhẫn,ChatGPT_Transforming_Healthcare_with_AI.pdf
Ông của tôi gần đây thường xuyên nhìn vào góc phòng và nói rằng có người khác ở đó. Tôi không biết phải làm sao để giúp ông ấy bình tĩnh lại. Tôi đang rất mệt mỏi và lo lắng cho tình trạng của ông.,"Nghe bạn kể vậy chắc bạn đang rất mệt. Mình có vài gợi ý để bạn có thể thử ngay hôm nay nhé: 
- Bạn có thể dùng giọng nói êm dịu để trấn an ông, nói rằng ""Ông an toàn, cháu đang ở đây với ông"".
- Nắm tay ông và vỗ nhẹ để ông cảm thấy yên tâm hơn.
- Kiểm tra xem có gì trong phòng có thể gây ra ảo giác cho ông, như bóng đổ từ ánh sáng mặt trời. Nếu cần, bạn có thể thay đổi môi trường xung quanh.
- Dẫn ông ra khỏi căn phòng đó nếu cần thiết.
- Nhớ nói với ông rằng không có ai khác trong phòng cả.

Bạn cũng nên kiểm tra với bác sĩ về tác dụng phụ của thuốc mà ông đang dùng, vì có thể đó cũng là một nguyên nhân gây ra vấn đề này.

Nguồn: WHO iSupport.pdf – MODULE 5",3,full,Người chăm sóc thuê - Kiên nhẫn nhưng mệt mỏi,-đã nạp WHO iSupport.pdf
Mình phải làm sao khi chồng cứ từ chối tắm mỗi khi mình nói đến việc phải tắm để gặp bác sĩ? Có cách nào giúp anh ấy hiểu mà không gây căng thẳng không?,"Nghe bạn kể vậy chắc bạn đang rất mệt vì phải thuyết phục chồng. Mình thử một số cách nhẹ nhàng hơn nhé:
- Thay vì nói trực tiếp “phải tắm”, mình có thể nhấn mạnh lý do quan trọng hơn như “Chúng ta chuẩn bị đi gặp bác sĩ, mình muốn bạn cảm thấy thoải mái và sạch sẽ.”
- Thử gợi ý tắm như một hoạt động thư giãn, có thể nói: “Mình nghĩ tắm sẽ giúp bạn thư giãn và dễ chịu hơn.”
- Nếu anh ấy vẫn từ chối, mình có thể thử thay đổi thời gian hoặc hoàn cảnh tắm để xem anh ấy có thoải mái hơn không.
- Quan trọng là giữ giọng điệu nhẹ nhàng, không ép buộc để tránh kích động.
Nếu tình huống vẫn khó khăn, mình có thể tham khảo ý kiến bác sĩ để tìm cách ứng xử phù hợp hơn.
Nguồn: iSupport – Lesson 3. Aggression",1,missing,Người vợ chăm sóc - Kiệt sức,-đã nạp WHO iSupport.pdf
Mình đang lo lắng về việc giao tiếp với cha mình. Có cách nào để mình hiểu cha dễ hơn không?,"Nghe bạn chia sẻ, mình thấy bạn đang rất lo lắng. Để giao tiếp với cha dễ hơn, mình có thể thử vài cách sau nhé: 
- Cố gắng không nói về cha khi ông có mặt, như vậy sẽ giúp cha cảm thấy được tôn trọng. 
- Hãy kiên nhẫn và cho cha thời gian để tìm từ ngữ phù hợp. 
- Bạn có thể đặt câu hỏi mà cha có thể trả lời bằng 'Có' hoặc 'Không', ví dụ như: 'Sáng nay cha có ra ngoài không?'. 
- Nếu không hiểu ý cha, mình có thể thử đoán và hỏi lại cha xem có đúng không nhé. 
Hy vọng những gợi ý này hữu ích cho bạn. 
Nguồn: iSupport Intervention Manual – Improving communication",1,missing,Con trai - Lo lắng,-đã nạp WHO iSupport.pdf
Mình đang thấy rất lo lắng khi nghĩ rằng không thể để Max ở nhà một mình nữa. Bạn có thể gợi ý cách nào giúp mình cảm thấy tốt hơn không?,"Nghe bạn kể vậy chắc bạn đang cảm thấy rất lo lắng. Mình thử thay đổi cách suy nghĩ một chút nhé: Bạn có thể nghĩ rằng Max có lúc sẽ lo lắng khi không tìm thấy đồ vật, và mình có thể dành ít thời gian để giúp đỡ Max. Điều này có thể giúp bạn cảm thấy dễ chịu hơn và giữ được sự bình tĩnh. Bạn nghĩ sao về việc thử suy nghĩ theo cách đó?",1,missing,Chuyên viên chăm sóc bệnh nhân sa sút trí tuệ - Nhẹ nhàng và kiên nhẫn,-đã nạp WHO iSupport.pdf
Bà em dạo này cứ muốn ra ngoài đi bộ một mình. Em lo lắng không biết phải làm sao để bà an toàn khi em không thể đi cùng bà mọi lúc.,"Nghe bạn kể vậy chắc bạn đang rất lo lắng cho bà. Mình có vài gợi ý cho trường hợp này nhé:
- Bạn có thể thử nói với bà: “Bà ơi, mình ăn tối trước rồi cháu sẽ đi bộ cùng bà sau nhé.” Điều này giúp bà cảm thấy được tôn trọng và hiểu rằng sẽ có người đi cùng.
- Nếu không có lựa chọn khác, bạn có thể khóa cửa để bà không thể tự ra ngoài. Nhưng nhớ là bạn phải ở nhà cùng bà để đảm bảo an toàn phòng cháy.
- Một cách khác là nhờ hàng xóm giúp đỡ nếu họ sẵn lòng để ý khi bà ra ngoài một mình. Điều này chỉ nên làm khi bà còn trong giai đoạn đầu của bệnh và có thể tự tìm đường về.
- Nếu có thể, nhờ một thành viên khác trong gia đình đi dạo cùng bà để bà vẫn có thể ra ngoài mà an toàn.
- Hãy nhớ, nếu bà có dấu hiệu bực bội hoặc cố gắng đi ra ngoài một cách nguy hiểm, bạn nên liên hệ với bác sĩ để được tư vấn thêm.
Nguồn: iSupport Intervention Manual – Module 5, Lesson 8",5,full,Cháu ngoại - Lo lắng,-đã nạp WHO iSupport.pdf
"Mình lo lắng lắm, mẹ mình bị sa sút trí tuệ, mà mình thì bận rộn công việc quá. Mình không có thời gian cho bản thân, lúc nào cũng cảm thấy kiệt sức. Có cách nào giúp mình không?","Nghe bạn kể vậy chắc bạn đang rất mệt. Mình hiểu tình huống này dễ làm mình căng thẳng. Mình thử 3 việc sau nhé:
- Dù bận, hãy thử tìm một chút thời gian trong ngày hoặc buổi tối để làm một việc mà bạn thích. Có thể là những hoạt động đơn giản như nghe nhạc, đi dạo hoặc đọc sách.
- Đôi khi, làm một việc mình thích có thể giúp bạn cảm thấy thoải mái và nạp lại năng lượng. Hãy thử dành một chút thời gian cho bản thân và bạn sẽ thấy tinh thần mình tốt hơn.
- Nếu cảm thấy có lỗi vì phải dành thời gian cho bản thân, hãy nhớ rằng bạn cần thời gian để thư giãn và nạp năng lượng để chăm sóc mẹ tốt hơn. Chăm sóc bản thân là một phần quan trọng trong việc chăm sóc người khác.
Bạn có thể nói với mình: ""Mẹ ơi, hôm nay con cần một chút thời gian cho bản thân để con chăm sóc mẹ tốt hơn nhé.""
Nếu bạn cảm thấy tình trạng của mẹ có dấu hiệu nặng hơn hoặc có hành vi nguy hiểm, hãy liên hệ với bác sĩ để được tư vấn.
Nguồn: iSupport – Lesson 2. Making time for pleasant activities",2,full,Con gái chăm sóc - Lo lắng và kiệt sức,-đã nạp WHO iSupport.pdf
Mình cảm thấy rất mệt mỏi khi phải chăm sóc bố cả ngày. Mình rất muốn có chút thời gian cho bản thân nhưng không biết nên làm gì để thư giãn. Bạn có gợi ý nào giúp mình không?,"Mình hiểu tình huống này dễ làm mình căng thẳng. Mình có một số gợi ý để bạn tham khảo và chọn hoạt động thư giãn cho bản thân nhé:
- Làm một ô chữ
- Xem TV
- Thăm bạn bè hoặc gia đình
- Nấu ăn
- Nghe nhạc
- Làm thủ công
- Đọc sách
- Ngủ một giấc ngắn
- Đi mua sắm
- Đi dạo
- Tập thể dục
Bạn có thể thử chọn ít nhất hai hoạt động mà bạn yêu thích nhất để thực hiện thường xuyên hơn. Lúc nào cảm thấy có thời gian, hãy thử thực hiện một trong những hoạt động này nhé.
Nguồn: -đã nạp WHO iSupport.pdf",1,full,Người bạn tâm giao - Kiên nhẫn nhưng kiệt sức,-đã nạp WHO iSupport.pdf
Mình muốn biết về các loại thuốc điều trị ung thư hiện nay.,"Xin lỗi, tôi không thể trả lời câu hỏi của bạn.",2,noise,Người chăm sóc bệnh nhân sa sút trí tuệ - Kiên nhẫn và đồng cảm,-đã nạp WHO iSupport.pdf
Mình thấy rất mệt mỏi khi chồng mình thường xuyên có những thay đổi về hành vi. Có cách nào để mình có thể giúp anh ấy cảm thấy thoải mái hơn không?,"Nghe bạn kể vậy chắc bạn đang rất mệt. Khi đối mặt với những thay đổi hành vi, mình thử vài cách này nhé:
- Cố gắng làm cho người mình chăm sóc cảm thấy thoải mái hơn.
- Tìm cách ngăn ngừa hoặc giảm bớt những thay đổi hành vi gây căng thẳng, ví dụ như sử dụng các công cụ hỗ trợ trí nhớ.
- Thử đánh lạc hướng người mình chăm sóc, tránh tranh cãi.
- Nếu một cách không hiệu quả, mình có thể thử cách khác.
- Nhớ rằng sẽ có những ngày tốt và ngày xấu.
- Nên tham khảo ý kiến bác sĩ để xác định nguyên nhân liên quan đến thuốc men hoặc bệnh lý.
- Xem xét liệu môi trường sống hay cách tiếp cận của bạn có thể gây ra triệu chứng cụ thể nào không.
- Nhắc nhở bản thân rằng thay đổi hành vi là một phần của bệnh, nhưng cần loại trừ các nguyên nhân khác trước khi chấp nhận bệnh là nguyên nhân.
Nguồn: iSupport Intervention Manual – Module 5",5,full,Người bạn đời tận tụy - Kiệt sức nhưng kiên trì,-đã nạp WHO iSupport.pdf
"Ông cụ tối qua cứ không chịu ngủ, đi tới đi lui trong nhà. Mình không biết phải làm sao để giúp ông giảm bớt lo lắng. Có cách nào đơn giản để thử không?","Nghe bạn kể vậy chắc bạn đang khá lo lắng về tình trạng của ông cụ. Mình thử ba việc này nhé:
- Đầu tiên, bạn có thể thử tạo một môi trường thư giãn trước khi đi ngủ, như tắt bớt đèn sáng và bật nhạc nhẹ.
- Tiếp theo, nếu ông cụ có thói quen đi bộ, mình có thể hướng dẫn ông đi bộ nhẹ nhàng trong nhà để giúp ông cảm thấy thoải mái.
- Cuối cùng, bạn có thể thử trao đổi nhẹ nhàng với ông cụ, hỏi xem ông có điều gì lo lắng không để có thể giúp ông yên tâm hơn.
Nếu tình trạng này kéo dài hoặc có dấu hiệu bất thường, bạn nên liên hệ với bác sĩ để được tư vấn thêm.
Nguồn: Vietnam Alzheimer CareGiver 's Guidebook. VnADA.30.4. 2020.pdf – Một số trang điện tử tham khảo lời cảm ơn",3,missing,"Người chăm sóc bệnh nhân sa sút trí tuệ thuê - Kiên nhẫn, tận tâm",Vietnam Alzheimer CareGiver 's Guidebook. VnADA.30.4. 2020.pdf
Tôi thấy mình rất mệt mỏi và lo lắng vì bố tôi thường không nhớ ra tôi là ai. Có những lúc tôi cảm thấy như mình không chăm sóc tốt cho ông ấy. Tôi nên làm thế nào để cải thiện tình hình này?,"Nghe bạn kể vậy chắc bạn đang cảm thấy rất căng thẳng và áp lực. Mình thử 3 bước này để cải thiện tình hình nhé: 
- Đầu tiên, hãy thử nhắc nhở bản thân rằng việc bố bạn không nhớ ra bạn là một phần của bệnh, không phải do bạn chăm sóc không tốt. 
- Thứ hai, hãy tìm cách thư giãn và chăm sóc bản thân, có thể bằng cách đi dạo hoặc tham gia một hoạt động bạn yêu thích. 
- Cuối cùng, hãy tìm kiếm sự hỗ trợ từ người thân hoặc các nhóm hỗ trợ để chia sẻ và nhận lời khuyên. Bạn có thể thử nói với bố: ""Con biết bố không nhớ ra con lúc này, nhưng con luôn ở đây để chăm sóc cho bố."" 
Nếu tình hình không cải thiện hoặc bạn cảm thấy quá tải, hãy trao đổi với bác sĩ để tìm thêm sự hỗ trợ. 
Nguồn: WHO iSupport.pdf–Intervention Manual",3,full,Bác sĩ trẻ chăm sóc bệnh nhân sa sút trí tuệ - Quan tâm và tận tụy,-đã nạp WHO iSupport.pdf
"Ông nội dạo này thường xuyên không nhận ra cháu, mình nên làm gì để giúp ông nhận ra cháu dễ hơn?","Nghe bạn kể vậy chắc bạn đang rất lo lắng. Để giúp ông nội nhận ra bạn dễ hơn, mình thử vài cách sau nhé:

- Đảm bảo môi trường xung quanh ông luôn quen thuộc và không có nhiều thay đổi đột ngột.
- Dùng những bức ảnh gia đình có hình bạn và ông, đặt ở nơi ông dễ dàng nhìn thấy.
- Khi nói chuyện với ông, bạn có thể nhắc lại tên mình và gợi nhớ những kỷ niệm chung.
- Chú ý giọng nói và cách gọi thân quen để ông cảm thấy dễ chịu và an toàn.

Bạn có thể nói với ông: ""Ông ơi, cháu là [tên của bạn] đây, cháu hay cùng ông đi dạo công viên đấy."" 

Nếu tình trạng của ông không cải thiện hoặc có dấu hiệu bất thường khác, mình khuyên bạn nên liên hệ với bác sĩ để được tư vấn thêm.

Nguồn: WHO iSupport.pdf",5,missing,Cháu nội - Lo lắng,-đã nạp WHO iSupport.pdf
"Chồng mình dạo này thường xuyên quên nhiều thứ, đôi khi còn nhầm lẫn giữa ngày và đêm. Mình nên làm gì để giúp ông ấy? Có cần thêm thông tin gì không?","Nghe bạn kể vậy chắc bạn đang rất lo lắng. Để mình hỗ trợ bạn tốt hơn, bạn có thể cho mình biết thêm một chút về tình trạng của chồng bạn không? Ví dụ như ông ấy thường quên những gì và có khi nào ông ấy bị mất phương hướng không?",4,missing,Vợ chăm sóc chồng - Lo lắng,ChatGPT_Transforming_Healthcare_with_AI.pdf
"Cháu đang rất lo lắng vì ông nội cháu mắc chứng sa sút trí tuệ. Mỗi lần cháu chăm sóc ông, cháu cảm thấy căng thẳng và không biết làm thế nào để giúp ông vui vẻ hơn. Có cách nào để cháu có thể thư giãn và tiếp tục chăm sóc ông tốt hơn không?","Nghe bạn kể vậy chắc bạn đang rất lo lắng và mệt mỏi. Mình có một bài tập thư giãn cơ mà bạn có thể thử ngay hôm nay nhé, nó có thể giúp giảm căng thẳng:
- Đầu tiên, hãy tìm một chỗ ngồi thoải mái và yên tĩnh.
- Bắt đầu với tay phải và cẳng tay: nắm chặt bàn tay phải của bạn, giữ trong 5 giây rồi thả lỏng trong 10 giây. Nhớ thở sâu khi thực hiện nhé.
- Tiếp tục với cánh tay trên: nâng cẳng tay lên vai để tạo cơ, giữ 5 giây rồi thả lỏng 10 giây. Làm tương tự với tay trái.
- Tiếp tục thư giãn các nhóm cơ như trán, mắt, má, miệng và hàm.
- Khi hoàn thành, ngồi lại một lúc để cơ thể trở lại trạng thái bình thường.
Khi nào bạn cảm thấy quá căng thẳng hoặc gặp khó khăn trong việc chăm sóc, hãy tìm sự giúp đỡ từ người thân hoặc chuyên gia. Bạn có thể thử điều này hôm nay nhé. 
Nguồn: WHO iSupport.pdf - MODULE 3 6. Relaxation activity - Muscle relaxation",5,full,Cháu gái - Lo lắng,-đã nạp WHO iSupport.pdf
Mẹ con đôi khi thấy những người không có thật trong phòng và rất sợ hãi. Con phải làm sao để trấn an mẹ lúc đó?,"Nghe bạn kể vậy chắc bạn đang rất lo lắng khi mẹ gặp những tình huống như vậy. Mình thử 3 việc ngay hôm nay nhé: 
- Nói với mẹ bằng giọng nhẹ nhàng rằng: ""Mẹ an toàn, con đang ở đây với mẹ."" Điều này giúp mẹ cảm thấy an toàn hơn. 
- Kiểm tra xem có gì trong môi trường xung quanh có thể gây ra ảo giác cho mẹ không, như bóng đổ từ ánh sáng mặt trời, và điều chỉnh nếu cần thiết. 
- Dẫn mẹ ra khỏi phòng đó. Thay đổi môi trường có thể giúp mẹ quên đi ảo giác. 
Nếu tình trạng này xảy ra thường xuyên hoặc khi bạn thấy quá khó xử lý, mình khuyên bạn nên liên hệ bác sĩ để được tư vấn thêm. 
Nguồn: iSupport Intervention Manual – Module 5",2,full,Con gái chăm sóc mẹ - Nhẹ nhàng nhưng lo lắng,-đã nạp WHO iSupport.pdf
"Bác ơi, dạo này bố mình hay quên nhiều quá. Có cách nào giúp bố mình nhớ tốt hơn không?","Nghe bạn kể vậy chắc bạn đang rất lo lắng cho bố. Để hỗ trợ bố trong trường hợp mất trí nhớ, mình có một số gợi ý bạn có thể thử nhé:
- Sử dụng các công cụ hỗ trợ trí nhớ như ghi chú, hộp thuốc (pill-box), hoặc nhắc nhở/báo thức.
- Thử trao đổi với bố để tìm cách hỗ trợ tốt nhất cho ông ấy.
- Nhớ rằng mất trí nhớ là một phần của bệnh, không phải lỗi của bố đâu.
- Nếu một cách không hiệu quả, hãy thử cách khác.
- Hãy chuẩn bị cho những ngày tốt và xấu khác nhau.
Bạn có thể thử nói với bố: ""Bố ơi, con có cái này giúp bố nhớ việc cần làm, bố thử xem nhé?"" 
Nếu thấy tình hình nghiêm trọng hơn, bạn nên tham khảo ý kiến của bác sĩ nhé. 
Nguồn: WHO iSupport.pdf – MODULE 5, Lesson 2",2,missing,Người con trai tận tụy - Lo lắng nhưng quyết tâm,-đã nạp WHO iSupport.pdf
